"product-id","product-name","primary-product-category-id","categories","remove-from-categories","product-sku","parent-product-sku","short-description","long-description","list-price","hsn-code","start-selling-date","is-serialized","is-digital","weight","weight-uom-id","height","width","depth","dimension-uom-id","product-url-name","publish","sales-channel","bar-code","MPN","currency-uom-id","features","good-identifications","manufacturer-party-name",
"10000","Full Cap","HATS","Hats","","FULL_CAP","","","","B2B_STORE_GROUP:100.00|ECOM_STORE_GROUP:1002.00|POS_INDORE_GROUP:111.00|POS_MUMBAI_GROUP:106.00|_NA_:100.00","6505","","","","0.10","WT_kg","","","","","full_cap","Y","Wasatch Ski Company|B2B Store|POS Mumbai|POS Indore","1001","","INR","","","",
"10001","Trucker Cap","HATS","Hats","","TRUCKER_CAP","","","","B2B_STORE_GROUP:200.00|ECOM_STORE_GROUP:202.00|POS_INDORE_GROUP:211.00|POS_MUMBAI_GROUP:206.00|_NA_:200.00","6505","","","","0.15","WT_kg","","","","","trucker_cap","Y","Wasatch Ski Company|B2B Store|POS Indore","1002","","INR","COLOR:Gray","","",
"10002","Snapback Cap","HATS","Hats","","SNAPBACK_CAP","","","","B2B_STORE_GROUP:150.00|ECOM_STORE_GROUP:152.00|POS_INDORE_GROUP:161.00|POS_MUMBAI_GROUP:156.00|_NA_:150.00","6505","","","","0.20","WT_kg","","","","","snapback_cap","Y","Wasatch Ski Company|B2B Store|POS Mumbai|POS Indore","1003","","INR","","","",
"10003","Ribbed Beanie","HATS","Hats","","RIBBED_BEANIE","","","","B2B_STORE_GROUP:200.00|ECOM_STORE_GROUP:202.00|POS_INDORE_GROUP:211.00|POS_MUMBAI_GROUP:206.00|_NA_:200.00","6505","","","","0.10","WT_kg","","","","","ribbed-beanie","Y","Wasatch Ski Company|B2B Store","1004","","INR","","","",
"10004","Slouch Beanie","HATS","Hats","","SLOUCH_BEANIE","","","","B2B_STORE_GROUP:180.00|ECOM_STORE_GROUP:182.00|POS_INDORE_GROUP:191.00|POS_MUMBAI_GROUP:186.00|_NA_:180.00","6505","","","","0.12","WT_kg","","","","","slouch_beanie","Y","Wasatch Ski Company|B2B Store|POS Indore|POS Mumbai","1005","","INR","","","",
"10005","Beanie","HATS","Hats","","BEANIE","","","","B2B_STORE_GROUP:150.00|ECOM_STORE_GROUP:152.00|POS_INDORE_GROUP:161.00|POS_MUMBAI_GROUP:156.00|_NA_:150.00","6505","","","","0.13","WT_kg","","","","","beanie","Y","Wasatch Ski Company|B2B Store|POS Mumbai|POS Indore","1006","","INR","","","",
"10006","Men Retro Hoodie","TOPS","Tops","","MENS_RETRO_HOODIE","","","","B2B_STORE_GROUP:1100.00|ECOM_STORE_GROUP:1103.00|POS_INDORE_GROUP:1113.00|POS_MUMBAI_GROUP:1107.00|_NA_:1100.00","6101","","","","","WT_kg","","","","","mens-retro-hoodie","Y","Wasatch Ski Company|B2B Store","","","INR","","","",
"10007","Men Retro Hoodie_S Green","TOPS","Tops","","MENS_RETRO_HOODIE_S_G","MENS_RETRO_HOODIE","","","B2B_STORE_GROUP:1100.00|ECOM_STORE_GROUP:1103.00|POS_INDORE_GROUP:1113.00|POS_MUMBAI_GROUP:1107.00|_NA_:1100.00","6101","","","","0.50","WT_kg","","","","","","N","","1007","","INR","COLOR:Green#SIZE:S","","",
"10008","Men Retro Hoodie_M Green","TOPS","Tops","","MENS_RETRO_HOODIE_M_G","MENS_RETRO_HOODIE","","","B2B_STORE_GROUP:1100.00|ECOM_STORE_GROUP:1103.00|POS_INDORE_GROUP:1113.00|POS_MUMBAI_GROUP:1107.00|_NA_:1100.00","6101","","","","0.60","WT_kg","","","","","","N","","1008","","INR","COLOR:Green#SIZE:M","","",
"10009","Men Retro Hoodie_L Green","TOPS","Tops","","MENS_RETRO_HOODIE_L_G","MENS_RETRO_HOODIE","","","B2B_STORE_GROUP:1100.00|ECOM_STORE_GROUP:1103.00|POS_INDORE_GROUP:1113.00|POS_MUMBAI_GROUP:1107.00|_NA_:1100.00","6101","","","","0.70","WT_kg","","","","","","N","","1009","","INR","COLOR:Green#SIZE:L","","",
"10010","Men Retro Hoodie_XL Green","TOPS","Tops","","MENS_RETRO_HOODIE_XL_G","MENS_RETRO_HOODIE","","","B2B_STORE_GROUP:1100.00|ECOM_STORE_GROUP:1103.00|POS_INDORE_GROUP:1113.00|POS_MUMBAI_GROUP:1107.00|_NA_:1100.00","6101","","","","0.80","WT_kg","","","","","","N","","1010","","INR","COLOR:Green#SIZE:XL","","",
"10011","Men Funky Hoodie","TOPS","Tops","","MENS_FUNKY_HOODIE","","","","B2B_STORE_GROUP:1000.00|ECOM_STORE_GROUP:1003.00|POS_INDORE_GROUP:1013.00|POS_MUMBAI_GROUP:1007.00|_NA_:1000.00","6101","","","","","WT_kg","","","","","men_funky_hoodie","Y","Wasatch Ski Company|B2B Store|POS Mumbai|POS Indore","","","INR","","","",
"10012","Men Funky Hoodie_S Gray","TOPS","Tops","","MENS_FUNKY_HOODIE_S_G","MENS_FUNKY_HOODIE","","","B2B_STORE_GROUP:1000.00|ECOM_STORE_GROUP:1003.00|POS_INDORE_GROUP:1013.00|POS_MUMBAI_GROUP:1007.00|_NA_:1000.00","6101","","","","0.70","WT_kg","","","","","","N","","1011","","INR","COLOR:Gray#SIZE:S","","",
"10013","Men Funky Hoodie_M Gray","TOPS","Tops","","MENS_FUNKY_HOODIE_M_G","MENS_FUNKY_HOODIE","","","B2B_STORE_GROUP:1000.00|ECOM_STORE_GROUP:1003.00|POS_INDORE_GROUP:1013.00|POS_MUMBAI_GROUP:1007.00|_NA_:1000.00","6101","","","","0.80","WT_kg","","","","","","N","","1012","","INR","COLOR:Gray#SIZE:M","","",
"10014","Men Funky Hoodie_L Gray","TOPS","Tops","","MENS_FUNKY_HOODIE_L_G","MENS_FUNKY_HOODIE","","","B2B_STORE_GROUP:1000.00|ECOM_STORE_GROUP:1003.00|POS_INDORE_GROUP:1013.00|POS_MUMBAI_GROUP:1007.00|_NA_:1000.00","6101","","","","0.90","WT_kg","","","","","","N","","1013","","INR","COLOR:Gray#SIZE:L","","",
"10015","Men Funky Hoodie_XL Gray","TOPS","Tops","","MENS_FUNKY_HOODIE_XL_G","MENS_FUNKY_HOODIE","","","B2B_STORE_GROUP:1000.00|ECOM_STORE_GROUP:1003.00|POS_INDORE_GROUP:1013.00|POS_MUMBAI_GROUP:1007.00|_NA_:1000.00","6101","","","","1.00","WT_kg","","","","","","N","","1014","","INR","COLOR:Gray#SIZE:XL","","",
"10016","Men T-Shirt","TOPS","Tops","","MENS_T-SHIRT","","","","B2B_STORE_GROUP:500.00|ECOM_STORE_GROUP:502.00|POS_INDORE_GROUP:512.00|POS_MUMBAI_GROUP:506.00|_NA_:500.00","6109","","","","","WT_kg","","","","","mens-t-shirt","Y","Wasatch Ski Company|B2B Store","","","INR","","","",
"10017","Men T-Shirt_S Green","TOPS","Tops","","MENS_T-SHIRT_S_G","MENS_T-SHIRT","","","B2B_STORE_GROUP:500.00|ECOM_STORE_GROUP:502.00|POS_INDORE_GROUP:512.00|POS_MUMBAI_GROUP:506.00|_NA_:500.00","6109","","","","0.30","WT_kg","","","","","","N","","1015","","INR","COLOR:Green#SIZE:S","","",
"10018","Men T-Shirt_M Green","TOPS","Tops","","MENS_T-SHIRT_M_G","MENS_T-SHIRT","","","B2B_STORE_GROUP:500.00|ECOM_STORE_GROUP:502.00|POS_INDORE_GROUP:512.00|POS_MUMBAI_GROUP:506.00|_NA_:500.00","6109","","","","0.40","WT_kg","","","","","","N","","1016","","INR","COLOR:Green#SIZE:M","","",
"10019","Men T-Shirt_L Green","TOPS","Tops","","MENS_T-SHIRT_L_G","MENS_T-SHIRT","","","B2B_STORE_GROUP:500.00|ECOM_STORE_GROUP:502.00|POS_INDORE_GROUP:512.00|POS_MUMBAI_GROUP:506.00|_NA_:500.00","6109","","","","0.50","WT_kg","","","","","","N","","1017","","INR","COLOR:Green#SIZE:L","","",
"10020","Men T-Shirt_XL Green","TOPS","Tops","","MENS_T-SHIRT_XL_G","MENS_T-SHIRT","","","B2B_STORE_GROUP:500.00|ECOM_STORE_GROUP:502.00|POS_INDORE_GROUP:512.00|POS_MUMBAI_GROUP:506.00|_NA_:500.00","6109","","","","0.60","WT_kg","","","","","","N","","1018","","INR","COLOR:Green#SIZE:XL","","",
"10021","Black Bell Bottom","BOTTOMS","Bottoms","","BLACK_BELL_BOTTOM","","","","B2B_STORE_GROUP:1300.00|ECOM_STORE_GROUP:1303.00|POS_INDORE_GROUP:1314.00|POS_MUMBAI_GROUP:1309.00|_NA_:1300.00","6107","","","","","WT_kg","","","","","black_bell_bottom","Y","Wasatch Ski Company|B2B Store|POS Mumbai|POS Indore|POS Bandra","","","INR","","","",
"10022","Black Bell Bottom_S","BOTTOMS","Bottoms","","BLACK_BELL_BOTTOM_S","BLACK_BELL_BOTTOM","","","B2B_STORE_GROUP:1300.00|ECOM_STORE_GROUP:1303.00|POS_INDORE_GROUP:1314.00|POS_MUMBAI_GROUP:1309.00|_NA_:1300.00","6107","","","","0.90","WT_kg","","","","","","N","","1019","","INR","COLOR:Black#SIZE:S","","",
"10023","Black Bell Bottom_M","BOTTOMS","Bottoms","","BLACK_BELL_BOTTOM_M","BLACK_BELL_BOTTOM","","","B2B_STORE_GROUP:1300.00|ECOM_STORE_GROUP:1303.00|POS_INDORE_GROUP:1314.00|POS_MUMBAI_GROUP:1309.00|_NA_:1300.00","6107","","","","1.00","WT_kg","","","","","","N","","1020","","INR","COLOR:Black#SIZE:M","","",
"10024","Black Bell Bottom_L","BOTTOMS","Bottoms","","BLACK_BELL_BOTTOM_L","BLACK_BELL_BOTTOM","","","B2B_STORE_GROUP:1300.00|ECOM_STORE_GROUP:1303.00|POS_INDORE_GROUP:1314.00|POS_MUMBAI_GROUP:1309.00|_NA_:1300.00","6107","","","","1.10","WT_kg","","","","","","N","","1021","","INR","COLOR:Black#SIZE:L","","",
"10025","Black Bell Bottom_XL","BOTTOMS","Bottoms","","BLACK_BELL_BOTTOM_XL","BLACK_BELL_BOTTOM","","","B2B_STORE_GROUP:1300.00|ECOM_STORE_GROUP:1303.00|POS_INDORE_GROUP:1314.00|POS_MUMBAI_GROUP:1309.00|_NA_:1300.00","6107","","","","1.20","WT_kg","","","","","","N","","1022","","INR","COLOR:Black#SIZE:XL","","",
"10026","Women's Hoodie","TOPS","Tops","","WOMENS_HOODIE","","","","B2B_STORE_GROUP:1100.00|ECOM_STORE_GROUP:1104.00|POS_INDORE_GROUP:1113.00|POS_MUMBAI_GROUP:1108.00|_NA_:1100.00","6102","","","","","WT_kg","","","","","womens-hoodie","Y","Wasatch Ski Company|B2B Store","","","INR","","","",
"10027","Women's Hoodie_S Black","TOPS","Tops","","WOMENS_HOODIE_S_B","WOMENS_HOODIE","","","B2B_STORE_GROUP:1100.00|ECOM_STORE_GROUP:1104.00|POS_INDORE_GROUP:1113.00|POS_MUMBAI_GROUP:1108.00|_NA_:1100.00","6102","","","","0.60","WT_kg","","","","","","N","","1023","","INR","COLOR:Black#SIZE:S","","",
"10028","Women's Hoodie_M Black","TOPS","Tops","","WOMENS_HOODIE_M_B","WOMENS_HOODIE","","","B2B_STORE_GROUP:1100.00|ECOM_STORE_GROUP:1104.00|POS_INDORE_GROUP:1113.00|POS_MUMBAI_GROUP:1108.00|_NA_:1100.00","6102","","","","0.70","WT_kg","","","","","","N","","1024","","INR","COLOR:Black#SIZE:M","","",
"10029","Women's Hoodie_L Black","TOPS","Tops","","WOMENS_HOODIE_L_B","WOMENS_HOODIE","","","B2B_STORE_GROUP:1100.00|ECOM_STORE_GROUP:1104.00|POS_INDORE_GROUP:1113.00|POS_MUMBAI_GROUP:1108.00|_NA_:1100.00","6102","","","","0.80","WT_kg","","","","","","N","","1025","","INR","COLOR:Black#SIZE:L","","",
"10030","Women's Hoodie_XL Black","TOPS","Tops","","WOMENS_HOODIE_XL_B","WOMENS_HOODIE","","","B2B_STORE_GROUP:1100.00|ECOM_STORE_GROUP:1104.00|POS_INDORE_GROUP:1113.00|POS_MUMBAI_GROUP:1108.00|_NA_:1100.00","6102","","","","0.90","WT_kg","","","","","","N","","1026","","INR","COLOR:Black#SIZE:XL","","",
"10031","Women's T-Shirt","TOPS","Tops","","WOMENS_T-SHIRT","","","","B2B_STORE_GROUP:400.00|ECOM_STORE_GROUP:402.00|POS_INDORE_GROUP:412.00|POS_MUMBAI_GROUP:406.00|_NA_:400.00","6109","","","","","WT_kg","","","","","womens-t-shirt","Y","Wasatch Ski Company|B2B Store","","","INR","","","",
"10032","Women's T-Shirt_S Green","TOPS","Tops","","WOMENS_T-SHIRT_S_G","WOMENS_T-SHIRT","","","B2B_STORE_GROUP:400.00|ECOM_STORE_GROUP:402.00|POS_INDORE_GROUP:412.00|POS_MUMBAI_GROUP:406.00|_NA_:400.00","6109","","","","0.40","WT_kg","","","","","","N","","1027","","INR","COLOR:Green#SIZE:S","","",
"10033","Women's T-Shirt_M Green","TOPS","Tops","","WOMENS_T-SHIRT_M_G","WOMENS_T-SHIRT","","","B2B_STORE_GROUP:400.00|ECOM_STORE_GROUP:402.00|POS_INDORE_GROUP:412.00|POS_MUMBAI_GROUP:406.00|_NA_:400.00","6109","","","","0.50","WT_kg","","","","","","N","","1028","","INR","COLOR:Green#SIZE:M","","",
"10034","Women's T-Shirt_L Green","TOPS","Tops","","WOMENS_T-SHIRT_L_G","WOMENS_T-SHIRT","","","B2B_STORE_GROUP:400.00|ECOM_STORE_GROUP:402.00|POS_INDORE_GROUP:412.00|POS_MUMBAI_GROUP:406.00|_NA_:400.00","6109","","","","0.60","WT_kg","","","","","","N","","1029","","INR","COLOR:Green#SIZE:L","","",
"10035","Women's T-Shirt_XL Green","TOPS","Tops","","WOMENS_T-SHIRT_XL_G","WOMENS_T-SHIRT","","","B2B_STORE_GROUP:400.00|ECOM_STORE_GROUP:402.00|POS_INDORE_GROUP:412.00|POS_MUMBAI_GROUP:406.00|_NA_:400.00","6109","","","","0.70","WT_kg","","","","","","N","","1030","","INR","COLOR:Green#SIZE:XL","","",
"10036","Women's Retro Hoodie","TOPS","Tops","","WOMENS_RETRO_HDIE","","","","B2B_STORE_GROUP:1200.00|ECOM_STORE_GROUP:1203.00|POS_INDORE_GROUP:1213.00|POS_MUMBAI_GROUP:1207.00|_NA_:1200.00","6102","","","","","WT_kg","","","","","womens-retro-hoodie","Y","Wasatch Ski Company|B2B Store","","","INR","","","",
"10037","Women's Retro Hoodie_S Blue","TOPS","Tops","","WOMENS_RETRO_HDIE_S_B","WOMENS_RETRO_HDIE","","","B2B_STORE_GROUP:1200.00|ECOM_STORE_GROUP:1203.00|POS_INDORE_GROUP:1213.00|POS_MUMBAI_GROUP:1207.00|_NA_:1200.00","6102","","","","0.80","WT_kg","","","","","","N","","1031","","INR","COLOR:Blue#SIZE:S","","",
"10038","Women's Retro Hoodie_M Blue","TOPS","Tops","","WOMENS_RETRO_HDIE_M_B","WOMENS_RETRO_HDIE","","","B2B_STORE_GROUP:1200.00|ECOM_STORE_GROUP:1203.00|POS_INDORE_GROUP:1213.00|POS_MUMBAI_GROUP:1207.00|_NA_:1200.00","6102","","","","0.90","WT_kg","","","","","","N","","1032","","INR","COLOR:Blue#SIZE:M","","",
"10039","Women's Retro Hoodie_L Blue","TOPS","Tops","","WOMENS_RETRO_HDIE_L_B","WOMENS_RETRO_HDIE","","","B2B_STORE_GROUP:1200.00|ECOM_STORE_GROUP:1203.00|POS_INDORE_GROUP:1213.00|POS_MUMBAI_GROUP:1207.00|_NA_:1200.00","6102","","","","1.00","WT_kg","","","","","","N","","1033","","INR","COLOR:Blue#SIZE:L","","",
"10040","Women's Retro Hoodie_XL Blue","TOPS","Tops","","WOMENS_RETRO_HDIE_XL_B","WOMENS_RETRO_HDIE","","","B2B_STORE_GROUP:1200.00|ECOM_STORE_GROUP:1203.00|POS_INDORE_GROUP:1213.00|POS_MUMBAI_GROUP:1207.00|_NA_:1200.00","6102","","","","1.10","WT_kg","","","","","","N","","1034","","INR","COLOR:Blue#SIZE:XL","","",
"10041","Black Leather Pants","BOTTOMS","Bottoms","","BLACK-LEATHER-PANTS","","","","B2B_STORE_GROUP:1500.00|ECOM_STORE_GROUP:1503.00|POS_INDORE_GROUP:1515.00|POS_MUMBAI_GROUP:1507.00|_NA_:1500.00","6107","","","","","WT_kg","","","","","black_leather_pants","Y","Wasatch Ski Company|B2B Store|POS Mumbai|POS Indore|POS Bandra","","","INR","","","",
"10042","Black Leather Pants-S","BOTTOMS","Bottoms","","BLACK-LEATHER-PAN-S","BLACK-LEATHER-PANTS","","","B2B_STORE_GROUP:1500.00|ECOM_STORE_GROUP:1503.00|POS_INDORE_GROUP:1515.00|POS_MUMBAI_GROUP:1507.00|_NA_:1500.00","6107","","","","1.10","WT_kg","","","","","","N","","1035","","INR","COLOR:Black#SIZE:S","","",
"10043","Black Leather Pants-M","BOTTOMS","Bottoms","","BLACK-LEATHER-PAN-M","BLACK-LEATHER-PANTS","","","B2B_STORE_GROUP:1500.00|ECOM_STORE_GROUP:1503.00|POS_INDORE_GROUP:1515.00|POS_MUMBAI_GROUP:1507.00|_NA_:1500.00","6107","","","","1.20","WT_kg","","","","","","N","","1036","","INR","COLOR:Black#SIZE:M","","",
"10044","Black Leather Pants-L","BOTTOMS","Bottoms","","BLACK-LEATHER-PAN-L","BLACK-LEATHER-PANTS","","","B2B_STORE_GROUP:1500.00|ECOM_STORE_GROUP:1503.00|POS_INDORE_GROUP:1515.00|POS_MUMBAI_GROUP:1507.00|_NA_:1500.00","6107","","","","1.25","WT_kg","","","","","","N","","1037","","INR","COLOR:Black#SIZE:L","","",
"10045","Black Leather Pants-XL","BOTTOMS","Bottoms","","BLACK-LEATHER-PAN-XL","BLACK-LEATHER-PANTS","","","B2B_STORE_GROUP:1200.00|ECOM_STORE_GROUP:1203.00|POS_INDORE_GROUP:1214.00|POS_MUMBAI_GROUP:1207.00|_NA_:1500.00","6107","","","","1.30","WT_kg","","","","","","N","","1038","","INR","COLOR:Black#SIZE:XL","","",
"10046","Black Leggings","BOTTOMS","Bottoms","","BLACK-LEGGINGS","","","","B2B_STORE_GROUP:1200.00|ECOM_STORE_GROUP:1203.00|POS_INDORE_GROUP:1214.00|POS_MUMBAI_GROUP:1207.00|_NA_:1200.00","6107","","","","","WT_kg","","","","","black_leggings","Y","Wasatch Ski Company|B2B Store|POS Indore|POS Mumbai|POS Bandra","","","INR","","","",
"10047","Black Leggings-S","BOTTOMS","Bottoms","","BLACK-LEGGINGS-S","BLACK-LEGGINGS","","","B2B_STORE_GROUP:1200.00|ECOM_STORE_GROUP:1203.00|POS_INDORE_GROUP:1214.00|POS_MUMBAI_GROUP:1207.00|_NA_:1200.00","6107","","","","1.00","WT_kg","","","","","","N","","1039","","INR","COLOR:Black#SIZE:S","","",
"10048","Black Leggings-M","BOTTOMS","Bottoms","","BLACK-LEGGINGS-M","BLACK-LEGGINGS","","","B2B_STORE_GROUP:1200.00|ECOM_STORE_GROUP:1203.00|POS_INDORE_GROUP:1214.00|POS_MUMBAI_GROUP:1207.00|_NA_:1200.00","6107","","","","1.10","WT_kg","","","","","","N","","1040","","INR","COLOR:Black#SIZE:M","","",
"10049","Black Leggings-L","BOTTOMS","Bottoms","","BLACK-LEGGINGS-L","BLACK-LEGGINGS","","","B2B_STORE_GROUP:1200.00|ECOM_STORE_GROUP:1203.00|POS_INDORE_GROUP:1214.00|POS_MUMBAI_GROUP:1207.00|_NA_:1200.00","6107","","","","1.20","WT_kg","","","","","","N","","1041","","INR","COLOR:Black#SIZE:L","","",
"10050","Black Leggings-XL","BOTTOMS","Bottoms","","BLACK-LEGGINGS-XL","BLACK-LEGGINGS","","","B2B_STORE_GROUP:1800.00|ECOM_STORE_GROUP:1803.00|POS_INDORE_GROUP:1815.00|POS_MUMBAI_GROUP:1808.00|_NA_:1200.00","6107","","","","1.30","WT_kg","","","","","","N","","1042","","INR","COLOR:Black#SIZE:XL","","",
"10051","Black Skinny Jeans","BOTTOMS","Bottoms","","BLACK-SKINNY-JEANS","","","","B2B_STORE_GROUP:1800.00|ECOM_STORE_GROUP:1803.00|POS_INDORE_GROUP:1815.00|POS_MUMBAI_GROUP:1808.00|_NA_:1800.00","6107","","","","","WT_kg","","","","","black-skinny-jeans","Y","Wasatch Ski Company|B2B Store","","","INR","","","",
"10052","Black Skinny Jeans-S","BOTTOMS","Bottoms","","BLACK-SKINNY-JEANS-S","BLACK-SKINNY-JEANS","","","B2B_STORE_GROUP:1800.00|ECOM_STORE_GROUP:1803.00|POS_INDORE_GROUP:1815.00|POS_MUMBAI_GROUP:1808.00|_NA_:1800.00","6107","","","","0.80","WT_kg","","","","","","N","","1043","","INR","COLOR:Black#SIZE:S","","",
"10053","Black Skinny Jeans-M","BOTTOMS","Bottoms","","BLACK-SKINNY-JEANS-M","BLACK-SKINNY-JEANS","","","B2B_STORE_GROUP:1800.00|ECOM_STORE_GROUP:1803.00|POS_INDORE_GROUP:1815.00|POS_MUMBAI_GROUP:1808.00|_NA_:1800.00","6107","","","","0.90","WT_kg","","","","","","N","","1044","","INR","COLOR:Black#SIZE:M","","",
"10054","Black Skinny Jeans-L","BOTTOMS","Bottoms","","BLACK-SKINNY-JEANS-L","BLACK-SKINNY-JEANS","","","B2B_STORE_GROUP:1800.00|ECOM_STORE_GROUP:1803.00|POS_INDORE_GROUP:1815.00|POS_MUMBAI_GROUP:1808.00|_NA_:1800.00","6107","","","","1.00","WT_kg","","","","","","N","","1045","","INR","COLOR:Black#SIZE:L","","",
"10055","Black Skinny Jeans-XL","BOTTOMS","Bottoms","","BLACK-SKINNY-JEAN-XL","BLACK-SKINNY-JEANS","","","B2B_STORE_GROUP:1800.00|ECOM_STORE_GROUP:1803.00|POS_INDORE_GROUP:1815.00|POS_MUMBAI_GROUP:1808.00|_NA_:1800.00","6107","","","","1.10","WT_kg","","","","","","N","","1046","","INR","COLOR:Black#SIZE:XL","","",
"10060","Men Retro Hoodie_S Red","TOPS","Tops","","MENS_RETRO_HOODIE_S_R","MENS_RETRO_HOODIE","","","B2B_STORE_GROUP:1125.00|ECOM_STORE_GROUP:1100.00","610110","","","","0.50","WT_kg","","","","","","N","","1007","","INR","COLOR:Red#SIZE:S","","",
"10061","Men Retro Hoodie_S Blue","TOPS","Tops","","MENS_RETRO_HOODIE_S_B","MENS_RETRO_HOODIE","","","B2B_STORE_GROUP:1125.00|ECOM_STORE_GROUP:1100.00","610110","","","","0.50","WT_kg","","","","","","N","","1007","","INR","COLOR:Blue#SIZE:S","","",
"10062","Men Retro Hoodie_M Red","TOPS","Tops","","MENS_RETRO_HOODIE_M_R","MENS_RETRO_HOODIE","","","B2B_STORE_GROUP:1125.00|ECOM_STORE_GROUP:1100.00","610110","","","","0.60","WT_kg","","","","","","N","","1008","","INR","SIZE:M#COLOR:Red","","",
"10063","Men Retro Hoodie_M Blue","TOPS","Tops","","MENS_RETRO_HOODIE_M_B","MENS_RETRO_HOODIE","","","B2B_STORE_GROUP:1125.00|ECOM_STORE_GROUP:1100.00","610110","","","","0.60","WT_kg","","","","","","N","","1008","","INR","COLOR:Blue#SIZE:M","","",
"10064","Men Retro Hoodie_L Red","TOPS","Tops","","MENS_RETRO_HOODIE_L_R","MENS_RETRO_HOODIE","","","B2B_STORE_GROUP:1125.00|ECOM_STORE_GROUP:1100.00","610110","","","","0.70","WT_kg","","","","","","N","","1009","","INR","SIZE:L#COLOR:Red","","",
"10065","Men Retro Hoodie_L Blue","TOPS","Tops","","MENS_RETRO_HOODIE_L_B","MENS_RETRO_HOODIE","","","B2B_STORE_GROUP:1125.00|ECOM_STORE_GROUP:1100.00","610110","","","","0.70","WT_kg","","","","","","N","","1009","","INR","COLOR:Blue#SIZE:L","","",
"10066","Men Retro Hoodie_XL Red","TOPS","Tops","","MENS_RETRO_HOODIE_XL_R","MENS_RETRO_HOODIE","","","B2B_STORE_GROUP:1125.00|ECOM_STORE_GROUP:1100.00","610110","","","","0.80","WT_kg","","","","","","N","","1010","","INR","COLOR:Red#SIZE:XL","","",
"10067","Men Retro Hoodie_XL Blue","TOPS","Tops","","MENS_RETRO_HOODIE_XL_B","MENS_RETRO_HOODIE","","","B2B_STORE_GROUP:1125.00|ECOM_STORE_GROUP:1100.00","610110","","","","0.80","WT_kg","","","","","","N","","1010","","INR","COLOR:Blue#SIZE:XL","","",
"10068","Men Funky Hoodie_S Blue","TOPS","Tops","","MENS_FUNKY_HOODIE_S_B","MENS_FUNKY_HOODIE","","","B2B_STORE_GROUP:1025.00|ECOM_STORE_GROUP:1100.00","610110","","","","0.70","WT_kg","","","","","","N","","1011","","INR","COLOR:Blue#SIZE:S","","",
"10069","Men Funky Hoodie_S Black","TOPS","Tops","","MENS_FUNKY_HOODIE_S_BK","MENS_FUNKY_HOODIE","","","B2B_STORE_GROUP:1025.00|ECOM_STORE_GROUP:1100.00","610110","","","","0.70","WT_kg","","","","","","N","","1011","","INR","COLOR:Black#SIZE:S","","",
"10070","Men Funky Hoodie_M Blue","TOPS","Tops","","MENS_FUNKY_HOODIE_M_B","MENS_FUNKY_HOODIE","","","B2B_STORE_GROUP:1025.00|ECOM_STORE_GROUP:1100.00","610110","","","","0.80","WT_kg","","","","","","N","","1012","","INR","COLOR:Blue#SIZE:M","","",
"10071","Men Funky Hoodie_M Black","TOPS","Tops","","MENS_FUNKY_HOODIE_M_BK","MENS_FUNKY_HOODIE","","","B2B_STORE_GROUP:1025.00|ECOM_STORE_GROUP:1100.00","610110","","","","0.80","WT_kg","","","","","","N","","1012","","INR","COLOR:Black#SIZE:M","","",
"10072","Men Funky Hoodie_L Blue","TOPS","Tops","","MENS_FUNKY_HOODIE_L_B","MENS_FUNKY_HOODIE","","","B2B_STORE_GROUP:1025.00|ECOM_STORE_GROUP:1100.00","610110","","","","0.90","WT_kg","","","","","","N","","1013","","INR","COLOR:Blue#SIZE:L","","",
"10073","Men Funky Hoodie_L Black","TOPS","Tops","","MENS_FUNKY_HOODIE_L_BK","MENS_FUNKY_HOODIE","","","B2B_STORE_GROUP:1025.00|ECOM_STORE_GROUP:1100.00","610110","","","","0.90","WT_kg","","","","","","N","","1013","","INR","COLOR:Black#SIZE:L","","",
"10074","Men Funky Hoodie_XL Blue","TOPS","Tops","","MENS_FUNKY_HOODIE_XL_B","MENS_FUNKY_HOODIE","","","B2B_STORE_GROUP:1025.00|ECOM_STORE_GROUP:1100.00","610110","","","","1.00","WT_kg","","","","","","N","","1014","","INR","COLOR:Blue#SIZE:XL","","",
"10075","Men Funky Hoodie_XL Black","TOPS","Tops","","MENS_FUNKY_HOODIE_XL_BK","MENS_FUNKY_HOODIE","","","B2B_STORE_GROUP:1025.00|ECOM_STORE_GROUP:1100.00","610110","","","","1.00","WT_kg","","","","","","N","","1014","","INR","COLOR:Black#SIZE:XL","","",
"10076","Men T-Shirt_S Red","TOPS","Tops","","MENS_T-SHIRT_S_R","MENS_T-SHIRT","","","B2B_STORE_GROUP:525.00|ECOM_STORE_GROUP:500.00","610910","","","","0.30","WT_kg","","","","","","N","","1015","","INR","COLOR:Red#SIZE:S","","",
"10077","Men T-Shirt_S Blue","TOPS","Tops","","MENS_T-SHIRT_S_B","MENS_T-SHIRT","","","B2B_STORE_GROUP:525.00|ECOM_STORE_GROUP:500.00","610910","","","","0.30","WT_kg","","","","","","N","","1015","","INR","COLOR:Blue#SIZE:S","","",
"10078","Men T-Shirt_M Red","TOPS","Tops","","MENS_T-SHIRT_M_R","MENS_T-SHIRT","","","B2B_STORE_GROUP:525.00|ECOM_STORE_GROUP:500.00","610910","","","","0.40","WT_kg","","","","","","N","","1016","","INR","SIZE:M#COLOR:Red","","",
"10079","Men T-Shirt_M Blue","TOPS","Tops","","MENS_T-SHIRT_M_B","MENS_T-SHIRT","","","B2B_STORE_GROUP:525.00|ECOM_STORE_GROUP:500.00","610910","","","","0.40","WT_kg","","","","","","N","","1016","","INR","COLOR:Blue#SIZE:M","","",
"10080","Men T-Shirt_L Red","TOPS","Tops","","MENS_T-SHIRT_L_R","MENS_T-SHIRT","","","B2B_STORE_GROUP:525.00|ECOM_STORE_GROUP:500.00","610910","","","","0.50","WT_kg","","","","","","N","","1017","","INR","SIZE:L#COLOR:Red","","",
"10081","Men T-Shirt_L Blue","TOPS","Tops","","MENS_T-SHIRT_L_B","MENS_T-SHIRT","","","B2B_STORE_GROUP:525.00|ECOM_STORE_GROUP:500.00","610910","","","","0.50","WT_kg","","","","","","N","","1017","","INR","COLOR:Blue#SIZE:L","","",
"10082","Men T-Shirt_XL Red","TOPS","Tops","","MENS_T-SHIRT_XL_R","MENS_T-SHIRT","","","B2B_STORE_GROUP:525.00|ECOM_STORE_GROUP:500.00","610910","","","","0.60","WT_kg","","","","","","N","","1018","","INR","COLOR:Red#SIZE:XL","","",
"10083","Men T-Shirt_XL Blue","TOPS","Tops","","MENS_T-SHIRT_XL_B","MENS_T-SHIRT","","","B2B_STORE_GROUP:525.00|ECOM_STORE_GROUP:500.00","610910","","","","0.60","WT_kg","","","","","","N","","1018","","INR","COLOR:Blue#SIZE:XL","","",
"10084","Women's Hoodie_S Green","TOPS","Tops","","WOMENS_HOODIE_S_G","WOMENS_HOODIE","","","B2B_STORE_GROUP:1125.00|ECOM_STORE_GROUP:1100.00","610210","","","","0.60","WT_kg","","","","","","N","","1023","","INR","COLOR:Green#SIZE:S","","",
"10085","Women's Hoodie_S Red","TOPS","Tops","","WOMENS_HOODIE_S_R","WOMENS_HOODIE","","","B2B_STORE_GROUP:1125.00|ECOM_STORE_GROUP:1100.00","610210","","","","0.60","WT_kg","","","","","","N","","1023","","INR","COLOR:Red#SIZE:S","","",
"10086","Women's Hoodie_M Green","TOPS","Tops","","WOMENS_HOODIE_M_G","WOMENS_HOODIE","","","B2B_STORE_GROUP:1125.00|ECOM_STORE_GROUP:1100.00","610210","","","","0.70","WT_kg","","","","","","N","","1024","","INR","COLOR:Green#SIZE:M","","",
"10087","Women's Hoodie_M Red","TOPS","Tops","","WOMENS_HOODIE_M_R","WOMENS_HOODIE","","","B2B_STORE_GROUP:1125.00|ECOM_STORE_GROUP:1100.00","610210","","","","0.70","WT_kg","","","","","","N","","1024","","INR","SIZE:M#COLOR:Red","","",
"10088","Women's Hoodie_L Green","TOPS","Tops","","WOMENS_HOODIE_L_G","WOMENS_HOODIE","","","B2B_STORE_GROUP:1125.00|ECOM_STORE_GROUP:1100.00","610210","","","","0.80","WT_kg","","","","","","N","","1025","","INR","COLOR:Green#SIZE:L","","",
"10089","Women's Hoodie_L Red","TOPS","Tops","","WOMENS_HOODIE_L_R","WOMENS_HOODIE","","","B2B_STORE_GROUP:1125.00|ECOM_STORE_GROUP:1100.00","610210","","","","0.80","WT_kg","","","","","","N","","1025","","INR","SIZE:L#COLOR:Red","","",
"10090","Women's Hoodie_XL Green","TOPS","Tops","","WOMENS_HOODIE_XL_G","WOMENS_HOODIE","","","B2B_STORE_GROUP:1125.00|ECOM_STORE_GROUP:1100.00","610210","","","","0.90","WT_kg","","","","","","N","","1026","","INR","COLOR:Green#SIZE:XL","","",
"10091","Women's Hoodie_XL Red","TOPS","Tops","","WOMENS_HOODIE_XL_R","WOMENS_HOODIE","","","B2B_STORE_GROUP:1125.00|ECOM_STORE_GROUP:1100.00","610210","","","","0.90","WT_kg","","","","","","N","","1026","","INR","COLOR:Red#SIZE:XL","","",
"10092","Women's T-Shirt_S Red","TOPS","Tops","","WOMENS_T-SHIRT_S_R","WOMENS_T-SHIRT","","","B2B_STORE_GROUP:425.00|ECOM_STORE_GROUP:400.00","610910","","","","0.40","WT_kg","","","","","","N","","1027","","INR","COLOR:Red#SIZE:S","","",
"10093","Women's T-Shirt_S Yellow","TOPS","Tops","","WOMENS_T-SHIRT_S_Y","WOMENS_T-SHIRT","","","B2B_STORE_GROUP:425.00|ECOM_STORE_GROUP:400.00","610910","","","","0.40","WT_kg","","","","","","N","","1027","","INR","SIZE:S#COLOR:Yellow","","",
"10094","Women's T-Shirt_M Red","TOPS","Tops","","WOMENS_T-SHIRT_M_R","WOMENS_T-SHIRT","","","B2B_STORE_GROUP:425.00|ECOM_STORE_GROUP:400.00","610910","","","","0.50","WT_kg","","","","","","N","","1028","","INR","SIZE:M#COLOR:Red","","",
"10095","Women's T-Shirt_M Yellow","TOPS","Tops","","WOMENS_T-SHIRT_M_Y","WOMENS_T-SHIRT","","","B2B_STORE_GROUP:425.00|ECOM_STORE_GROUP:400.00","610910","","","","0.50","WT_kg","","","","","","N","","1028","","INR","SIZE:M#COLOR:Yellow","","",
"10096","Women's T-Shirt_L Red","TOPS","Tops","","WOMENS_T-SHIRT_L_R","WOMENS_T-SHIRT","","","B2B_STORE_GROUP:425.00|ECOM_STORE_GROUP:400.00","610910","","","","0.60","WT_kg","","","","","","N","","1029","","INR","SIZE:L#COLOR:Red","","",
"10097","Women's T-Shirt_L Yellow","TOPS","Tops","","WOMENS_T-SHIRT_L_Y","WOMENS_T-SHIRT","","","B2B_STORE_GROUP:425.00|ECOM_STORE_GROUP:400.00","610910","","","","0.60","WT_kg","","","","","","N","","1029","","INR","SIZE:L#COLOR:Yellow","","",
"10098","Women's T-Shirt_XL Red","TOPS","Tops","","WOMENS_T-SHIRT_XL_R","WOMENS_T-SHIRT","","","B2B_STORE_GROUP:425.00|ECOM_STORE_GROUP:400.00","610910","","","","0.70","WT_kg","","","","","","N","","1030","","INR","COLOR:Red#SIZE:XL","","",
"10099","Women's T-Shirt_XL Yellow","TOPS","Tops","","WOMENS_T-SHIRT_XL_Y","WOMENS_T-SHIRT","","","B2B_STORE_GROUP:425.00|ECOM_STORE_GROUP:400.00","610910","","","","0.70","WT_kg","","","","","","N","","1030","","INR","SIZE:XL#COLOR:Yellow","","",
"10100","Women's Retro Hoodie_S Green","TOPS","Tops","","WOMENS_RETRO_HDIE_S_G","WOMENS_RETRO_HDIE","","","B2B_STORE_GROUP:1225.00|ECOM_STORE_GROUP:1200.00","610210","","","","0.80","WT_kg","","","","","","N","","1031","","INR","COLOR:Green#SIZE:S","","",
"10101","Women's Retro Hoodie_S Red","TOPS","Tops","","WOMENS_RETRO_HDIE_S_R","WOMENS_RETRO_HDIE","","","B2B_STORE_GROUP:1225.00|ECOM_STORE_GROUP:1200.00","610210","","","","0.80","WT_kg","","","","","","N","","1031","","INR","COLOR:Red#SIZE:S","","",
"10102","Women's Retro Hoodie_M Green","TOPS","Tops","","WOMENS_RETRO_HDIE_M_G","WOMENS_RETRO_HDIE","","","B2B_STORE_GROUP:1225.00|ECOM_STORE_GROUP:1200.00","610210","","","","0.90","WT_kg","","","","","","N","","1032","","INR","COLOR:Green#SIZE:M","","",
"10103","Women's Retro Hoodie_M Red","TOPS","Tops","","WOMENS_RETRO_HDIE_M_R","WOMENS_RETRO_HDIE","","","B2B_STORE_GROUP:1225.00|ECOM_STORE_GROUP:1200.00","610210","","","","0.90","WT_kg","","","","","","N","","1032","","INR","SIZE:M#COLOR:Red","","",
"10104","Women's Retro Hoodie_L Green","TOPS","Tops","","WOMENS_RETRO_HDIE_L_G","WOMENS_RETRO_HDIE","","","B2B_STORE_GROUP:1225.00|ECOM_STORE_GROUP:1200.00","610210","","","","1.00","WT_kg","","","","","","N","","1033","","INR","COLOR:Green#SIZE:L","","",
"10105","Women's Retro Hoodie_L Red","TOPS","Tops","","WOMENS_RETRO_HDIE_L_R","WOMENS_RETRO_HDIE","","","B2B_STORE_GROUP:1225.00|ECOM_STORE_GROUP:1200.00","610210","","","","1.00","WT_kg","","","","","","N","","1033","","INR","SIZE:L#COLOR:Red","","",
"10106","Women's Retro Hoodie_XL Green","TOPS","Tops","","WOMENS_RETRO_HDIE_XL_G","WOMENS_RETRO_HDIE","","","B2B_STORE_GROUP:1225.00|ECOM_STORE_GROUP:1200.00","610210","","","","1.10","WT_kg","","","","","","N","","1034","","INR","COLOR:Green#SIZE:XL","","",
"10107","Women's Retro Hoodie_XL Red","TOPS","Tops","","WOMENS_RETRO_HDIE_XL_R","WOMENS_RETRO_HDIE","","","B2B_STORE_GROUP:1225.00|ECOM_STORE_GROUP:1200.00","610210","","","","1.10","WT_kg","","","","","","N","","1034","","INR","COLOR:Red#SIZE:XL","","",
"10110","Baseball Cap","HATS","Hats","","","","","","ECOM_STORE_GROUP:250.00|POS_INDORE_GROUP:255.00|POS_MUMBAI_GROUP:255.00","","","","","0.12","WT_kg","","","","","baseball_cap","Y","B2B Store|POS Mumbai|POS Indore|Wasatch Ski Company|POS Bandra","","","INR","COLOR:Black","","",
"10120","Golf Flat Cap","HATS","Hats","","","","","","B2B_STORE_GROUP:279.00|ECOM_STORE_GROUP:300.00|POS_INDORE_GROUP:310.00|POS_MUMBAI_GROUP:290.00","","","","","0.20","WT_kg","","","","","golf_flat_cap","Y","Wasatch Ski Company|B2B Store|POS Mumbai|POS Indore","","","INR","","","",
"10130","Boater","HATS","Hats","","","","","","ECOM_STORE_GROUP:300.00","","","","","0.25","WT_kg","","","","","boater","Y","Wasatch Ski Company","","","INR","","","",
"10131","Fedora","HATS","Hats","","","","","","ECOM_STORE_GROUP:350.00|POS_INDORE_GROUP:345.00|POS_MUMBAI_GROUP:340.00","","","","","0.40","WT_kg","","","","","fedora","Y","Wasatch Ski Company|POS Mumbai|POS Indore|POS Bandra","","","INR","","","",
"10140","Cashew nuts","BOTTOMS","Bottoms","","","","","","B2B_STORE_GROUP:56.00","","","","","0.50","WT_kg","","","","","","N","","","","INR","","","",
"10150","Tunic Blue","TOPS","","","Tunic","","","","_NA_:500.00","6109","","","","","WT_kg","","","","","","N","","","","INR","","","",
"10160","Baseball Cap 100 pack","HATS","Hats","","","","","","ECOM_STORE_GROUP:11111100.00","","","","","","","","","","","","N","","","","INR","","","",
"10170","White Shirt","TOPS","Tops","","","","","","ECOM_STORE_GROUP:500.00","","","","","","","","","","","","N","","","","INR","","","",
"10180","Test 5 pack","BOTTOMS-B2B","Bottoms","","","","","","ECOM_STORE_GROUP:50.00","","","","","","","","","","","","N","","","","INR","","","",
"10193","Green Tunic","HATS","","","GREEN_TUNIC","","","","ECOM_STORE_GROUP:11111100.00","","","","","","WT_kg","","","","","","N","","","","INR","","","",
"10200","Long Tunic","HATS","Hats","","LONG_TUNIC","","","","ECOM_STORE_GROUP:111100.00","","","","","","WT_kg","","","","","","N","","","","INR","","","",
"10210","Blue  Tunic","HATS","Hats","","BLUE_TUNIC","","","","_NA_:100.00","","","","","","WT_kg","","","","","","N","","","","INR","","","",
"Demo","Demo","BOTTOMS","","","","","","","ECOM_STORE_GROUP:0.01","","","","","1.00","WT_kg","","","","","","N","","","","INR","","","",
"FABRIC","Fabric","","","","Fabric","","","","","","","","","","","","","","","","N","","","","INR","","","",
"FUSING","Fusing","","","","Fusing","","","","","","","","","","","","","","","","N","","","","INR","","","",
"GC-001","Gift Card Activation","GC-101","","","","","Give the perfect gift!","","","","","","Y","","","","","","","","N","","","","INR","","","",
"GC-001-C10","Gift Card Activation","","","","","","Give the perfect gift!","","_NA_:10.00","","","","Y","","","","","","","","N","","","","INR","","","",
"GC-001-C100","Gift Card Activation","","","","","","Give the perfect gift!","","_NA_:100.00","","","","Y","","","","","","","","N","","","","INR","","","",
"GC-001-C25","Gift Card Activation","","","","","","Give the perfect gift!","","_NA_:25.00","","","","Y","","","","","","","","N","","","","INR","","","",
"GC-001-C50","Gift Card Activation","","","","","","Give the perfect gift!","","_NA_:50.00","","","","Y","","","","","","","","N","","","","INR","","","",
"GC-100","Gift Card - 100","GC-CAT","Gift Cards","","","","Give the perfect gift!","","ECOM_STORE_GROUP:100.00|ECOM_STORE_GROUP:100.00|ECOM_STORE_GROUP:100.00|ECOM_STORE_GROUP:100.00|_NA_:100.00","","","","Y","","","","","","","gift-cards-100","Y","Wasatch Ski Company","","","PTS","","","",
"GC-1000","Gift Card - 1000","GC-CAT","Gift Cards","","","","Give the perfect gift!","","ECOM_STORE_GROUP:1000.00|ECOM_STORE_GROUP:1000.00|ECOM_STORE_GROUP:1000.00|ECOM_STORE_GROUP:1000.00|_NA_:1000.00","","","","Y","","","","","","","gift-cards-1000","Y","Wasatch Ski Company","","","PTS","","","",
"GC-2000","Gift Card - 2000","GC-CAT","Gift Cards","","","","Give the perfect gift!","","ECOM_STORE_GROUP:2000.00|ECOM_STORE_GROUP:2000.00|ECOM_STORE_GROUP:2000.00|ECOM_STORE_GROUP:2000.00|_NA_:2000.00","","","","Y","","","","","","","gift-cards-2000","Y","Wasatch Ski Company","","","PTS","","","",
"GC-500","Gift Card - 500","GC-CAT","Gift Cards","","","","Give the perfect gift!","","ECOM_STORE_GROUP:500.00|ECOM_STORE_GROUP:500.00|ECOM_STORE_GROUP:500.00|ECOM_STORE_GROUP:500.00|_NA_:500.00","","","","Y","","","","","","","gift-cards-500","Y","Wasatch Ski Company","","","PTS","","","",
"LACE","Lace","","","","Lace","","","","","","","","","","","","","","","","N","","","","PTS","","","",
"LINING","Lining","","","","Lining","","","","","","","","","","","","","","","","N","","","","PTS","","","",
"SHORT_SHIRT","Short Shirt","TOPS-B2B","Tops","","Short Shirt","","","","B2B_STORE_GROUP:656.00","","","","","","","","","","","","N","","","","INR","","","",
"TEST","Test","BOTTOMS-B2B","","","","","","","ECOM_STORE_GROUP:10.00","","","","","1.00","WT_kg","","","","","","N","","","","INR","","","",
"TEST-KIT","Test Kit","BOTTOMS","Bottoms","","","","","","ECOM_STORE_GROUP:10.00","","","","","0.50","WT_kg","","","","","","N","","","","INR","","","",
"ZIPPER","Zipper","","","","Zipper","","","","","","","","","","","","","","","","N","","","","INR","","","",